City_ID,City,Lat,Lng,Max Temp,Humidity,Cloudiness,Wind Speed,Country,Date
0,ribeira grande,38.5167,-28.7,57.78,90,10,4.0,PT,1674626076
1,mazamari,-11.3258,-74.5308,67.6,97,52,2.08,PE,1674626221
2,mar del plata,-38.0023,-57.5575,67.08,73,100,15.01,AR,1674626123
3,garissa,-0.4536,39.6401,78.87,69,94,5.88,KE,1674626223
4,la palma,33.8464,-118.0467,58.1,83,0,2.06,US,1674626223
5,ushuaia,-54.8,-68.3,47.86,61,40,9.22,AR,1674626107
6,lasa,46.6166,10.7002,33.03,72,83,3.04,IT,1674626225
7,new norfolk,-42.7826,147.0587,81.88,35,99,8.01,AU,1674626225
8,san patricio,28.017,-97.5169,56.84,55,0,15.75,US,1674626226
9,vaini,-21.2,-175.2,84.36,74,20,5.75,TO,1674626227
10,hobart,-42.8794,147.3294,82.22,53,75,9.22,AU,1674626228
11,mataura,-46.1927,168.8643,66.45,53,33,7.78,NZ,1674626229
12,poum,-20.2333,164.0167,83.37,74,13,5.46,NC,1674626229
13,albany,42.6001,-73.9662,31.68,85,69,4.5,US,1674626230
14,amapa,1.0,-52.0,68.94,100,100,2.86,BR,1674626126
15,hermanus,-34.4187,19.2345,58.8,57,7,8.37,ZA,1674626232
16,mehamn,71.0357,27.8492,33.75,93,40,6.91,NO,1674626233
17,arraial do cabo,-22.9661,-42.0278,74.66,92,100,10.87,BR,1674626234
18,rio grande,-32.035,-52.0986,69.69,78,13,6.64,BR,1674626235
19,hilo,19.7297,-155.09,73.27,94,19,3.0,US,1674626236
20,kodiak,57.79,-152.4072,36.91,100,100,4.61,US,1674626236
21,isabela,6.7085,121.9711,86.05,81,98,5.03,PH,1674626237
22,yeppoon,-23.1333,150.7333,89.38,65,0,10.4,AU,1674626238
23,fairbanks,64.8378,-147.7164,2.82,83,99,1.99,US,1674626239
24,busselton,-33.65,115.3333,82.6,37,1,6.2,AU,1674626239
25,jamestown,42.097,-79.2353,28.71,61,100,3.0,US,1674626225
26,rikitea,-23.1203,-134.9692,79.21,80,44,17.83,PF,1674626241
27,bambous virieux,-20.3428,57.7575,75.22,94,75,5.75,MU,1674626241
28,maridi,4.9158,29.4742,79.84,28,100,2.46,SS,1674626242
29,port alfred,-33.5906,26.891,66.18,75,100,3.0,ZA,1674626243
30,bluff,-46.6,168.3333,60.67,72,20,9.78,NZ,1674626244
31,lieksa,63.3167,30.0167,33.87,94,100,19.69,FI,1674626244
32,tuatapere,-46.1333,167.6833,62.13,66,67,8.08,NZ,1674626245
33,husavik,66.0449,-17.3389,31.28,96,100,22.95,IS,1674626246
34,tilichiki,60.4667,166.1,11.12,80,100,10.8,RU,1674626247
35,saint-philippe,-21.3585,55.7679,80.19,92,100,13.76,RE,1674626248
36,tasiilaq,65.6145,-37.6368,12.83,66,77,6.02,GL,1674626249
37,nador,35.174,-2.9287,50.25,76,75,10.36,MA,1674626017
38,port elizabeth,-33.918,25.5701,67.32,68,0,11.5,ZA,1674626217
39,sabha,27.0377,14.4283,49.5,36,3,8.48,LY,1674626250
40,petropavlovsk-kamchatskiy,53.0452,158.6483,21.79,68,75,24.61,RU,1674626251
41,nanortalik,60.1432,-45.2371,34.86,90,100,51.05,GL,1674626252
42,kieta,-6.2167,155.6333,82.4,73,100,3.29,PG,1674626253
43,chuy,-33.6971,-53.4616,64.18,72,71,5.28,UY,1674626253
44,half moon bay,37.4636,-122.4286,55.31,66,75,3.44,US,1674626254
45,zhigansk,66.7697,123.3711,-48.66,97,69,5.7,RU,1674626255
46,castro,-24.7911,-50.0119,60.49,93,1,3.74,BR,1674626255
47,ilulissat,69.2167,-51.1,6.31,82,94,9.75,GL,1674626256
48,nanga eboko,4.6833,12.3667,65.41,97,71,0.76,CM,1674626257
49,atuona,-9.8,-139.0333,78.49,78,13,17.05,PF,1674626257
50,vinh yen,21.31,105.5967,64.35,36,56,7.4,VN,1674626258
51,codrington,-38.2667,141.9667,70.65,50,26,20.22,AU,1674626258
52,urambo,-5.0667,32.05,68.13,86,86,1.83,TZ,1674626259
53,yar-sale,66.8333,70.8333,5.09,93,100,7.96,RU,1674626260
54,soledade,-28.8183,-52.5103,65.84,54,12,4.34,BR,1674626229
55,murud,18.3258,72.965,76.6,42,31,9.55,IN,1674626261
56,hamilton,39.1834,-84.5333,38.98,80,100,3.0,US,1674626262
57,thompson,55.7435,-97.8558,-3.84,77,100,3.44,CA,1674626263
58,bredasdorp,-34.5322,20.0403,63.9,49,3,2.66,ZA,1674626264
59,punta arenas,-53.15,-70.9167,51.91,46,75,13.8,CL,1674626265
60,kintampo,8.0563,-1.7306,75.06,69,15,3.4,GH,1674626266
61,cape town,-33.9258,18.4232,68.11,55,0,11.01,ZA,1674626266
62,puerto ayora,-0.7393,-90.3518,74.55,96,14,5.17,EC,1674626267
63,sao joao da barra,-21.6403,-41.0511,72.55,96,100,5.32,BR,1674626268
64,ampanihy,-24.7,44.75,82.67,59,99,19.28,MG,1674626268
65,berlevag,70.8578,29.0864,33.8,80,100,18.41,NO,1674626269
66,eureka,40.8021,-124.1637,45.25,93,55,1.01,US,1674626072
67,solton,52.8429,86.4787,14.74,92,100,15.79,RU,1674626270
68,leningradskiy,69.3833,178.4167,-24.27,94,20,8.52,RU,1674626271
69,hithadhoo,-0.6,73.0833,81.77,75,98,11.77,MV,1674626271
70,kidal,18.4411,1.4078,69.78,16,9,6.24,ML,1674626272
71,woodland,38.6785,-121.7733,45.86,85,14,1.01,US,1674626043
72,alofi,-19.0595,-169.9187,82.29,74,31,3.44,NU,1674626273
73,renqiu,38.6989,116.0936,28.02,11,40,12.01,CN,1674626274
74,yellowknife,62.456,-114.3525,-7.08,84,75,3.44,CA,1674626060
75,myitkyina,25.3833,97.4,82.15,23,46,0.65,MM,1674626275
76,tianpeng,30.9866,103.9393,49.73,34,57,3.62,CN,1674626275
77,saint-augustin,51.226,-58.6502,21.74,80,100,10.98,CA,1674626276
78,san quintin,30.4833,-115.95,54.43,57,50,1.72,MX,1674626277
79,hasaki,35.7333,140.8333,35.22,39,79,28.03,JP,1674626278
80,bandarbeyla,9.4942,50.8122,76.98,62,43,18.05,SO,1674626278
81,yagoua,10.3411,15.2329,71.19,17,91,6.73,CM,1674626279
82,pyay,18.8167,95.2167,91.53,17,12,4.03,MM,1674626280
83,east london,-33.0153,27.9116,65.34,77,75,10.36,ZA,1674626280
84,geraldton,-28.7667,114.6,84.61,48,0,21.85,AU,1674626281
85,havre-saint-pierre,50.2334,-63.5986,17.96,57,0,17.27,CA,1674626282
86,bushehr,28.9684,50.8385,59.09,77,40,4.61,IR,1674626283
87,kapaa,22.0752,-159.319,69.12,83,32,1.01,US,1674626284
88,namibe,-15.1961,12.1522,74.62,83,60,1.59,AO,1674626285
89,kalofer,42.6167,24.9833,27.03,91,98,1.3,BG,1674626285
90,kabompo,-13.5927,24.2008,65.57,94,100,4.56,ZM,1674626286
91,dingle,10.9995,122.6711,79.81,78,58,19.44,PH,1674626288
92,kadoma,34.7333,135.5833,37.65,61,75,16.11,JP,1674626289
93,lompoc,34.6391,-120.4579,52.92,79,4,5.99,US,1674626290
94,isangel,-19.55,169.2667,84.63,74,26,7.2,VU,1674626291
95,pevek,69.7008,170.3133,-14.82,75,61,1.54,RU,1674626291
96,clyde river,70.4692,-68.5914,-18.17,69,100,4.61,CA,1674626292
97,hofn,64.2539,-15.2082,40.28,66,41,15.9,IS,1674626294
98,boyolangu,-8.1181,111.8935,83.8,74,88,6.64,ID,1674626294
99,butaritari,3.0707,172.7902,81.3,79,91,18.1,KI,1674626295
100,komsomolskiy,40.4272,71.7189,27.32,74,100,0.0,UZ,1674626296
101,cidreira,-30.1811,-50.2056,74.41,89,12,9.42,BR,1674626297
102,padang,-0.9492,100.3543,86.05,67,100,2.01,ID,1674626298
103,norman wells,65.282,-126.8329,-7.56,84,75,3.44,CA,1674626299
104,aripuana,-9.1667,-60.6333,71.06,99,60,1.72,BR,1674626300
105,georgetown,5.4112,100.3354,85.93,74,20,6.91,MY,1674626170
106,bathsheba,13.2167,-59.5167,75.81,88,40,10.36,BB,1674626301
107,mahanoro,-19.9,48.8,78.35,88,94,3.09,MG,1674626302
108,yatou,37.15,122.3833,24.08,55,18,12.46,CN,1674626302
109,bethel,41.3712,-73.414,34.93,70,80,3.09,US,1674626303
110,tocopilla,-22.092,-70.1979,69.82,80,61,3.22,CL,1674626304
111,dumbravesti,45.0833,26.0,32.45,84,100,2.86,RO,1674626304
112,santa vitoria do palmar,-33.5189,-53.3681,64.27,74,52,5.48,BR,1674626305
113,alice springs,-23.7,133.8833,94.55,18,87,1.14,AU,1674626281
114,nemuro,43.3236,145.575,14.81,61,63,27.51,JP,1674626307
115,prince rupert,54.3161,-130.3201,46.49,92,100,27.63,CA,1674626104
116,quelimane,-17.8786,36.8883,76.95,88,75,13.0,MZ,1674626308
117,kjollefjord,70.9457,27.3465,33.85,93,40,6.91,NO,1674626309
118,salym,60.0625,71.4789,15.66,93,100,10.09,RU,1674626309
119,portland,45.5234,-122.6762,45.21,90,75,1.99,US,1674626208
120,ouahigouya,13.5828,-2.4216,74.07,18,4,8.41,BF,1674626310
121,constitucion,-35.3333,-72.4167,55.8,75,0,10.54,CL,1674626311
122,sibolga,1.7427,98.7792,81.45,76,88,3.13,ID,1674626312
123,coihaique,-45.5752,-72.0662,48.81,76,0,4.61,CL,1674626313
124,ahipara,-35.1667,173.1667,69.76,63,29,12.82,NZ,1674626314
125,mahebourg,-20.4081,57.7,75.25,94,75,5.75,MU,1674626314
126,vilhena,-12.7406,-60.1458,67.93,99,51,2.71,BR,1674626315
127,rehoboth,-23.3167,17.0833,72.43,38,64,11.45,NA,1674626316
128,kargasok,59.0556,80.8572,-4.61,87,92,9.57,RU,1674626317
129,marzuq,14.4,46.4667,66.78,51,0,6.8,YE,1674626318
130,kaitangata,-46.2817,169.8464,63.25,75,80,5.12,NZ,1674626318
131,byron bay,-28.65,153.6167,88.95,65,64,12.95,AU,1674626164
132,upernavik,72.7868,-56.1549,6.84,92,100,8.32,GL,1674626320
133,victoria,22.2855,114.1577,59.25,66,84,10.0,HK,1674626162
134,henties bay,-22.116,14.2845,64.47,86,71,7.14,NA,1674626321
135,cherskiy,68.75,161.3,-22.68,95,100,0.74,RU,1674626321
136,margate,51.3813,1.3862,38.88,83,50,1.01,GB,1674626322
137,bacolod,10.6667,122.95,81.86,67,80,18.52,PH,1674626108
138,barrow,71.2906,-156.7887,-19.03,98,59,14.92,US,1674626323
139,roma,43.2128,-75.4557,30.38,87,99,3.53,US,1674626323
140,ledyard,41.4398,-72.0142,37.08,83,83,5.39,US,1674626324
141,koungou,-12.7336,45.2042,76.71,94,75,19.57,YT,1674626325
142,san pedro de cajas,-11.2511,-75.8617,38.17,91,77,2.26,PE,1674626325
143,carnarvon,-24.8667,113.6333,85.84,58,1,19.44,AU,1674626326
144,lebu,-37.6167,-73.65,55.06,79,0,16.13,CL,1674626327
145,dikson,73.5069,80.5464,-0.87,93,100,27.42,RU,1674626327
146,forrest city,35.0081,-90.7898,33.46,91,100,14.94,US,1674626328
147,agadir,30.4202,-9.5982,43.25,40,0,2.35,MA,1674626329
148,plettenberg bay,-34.0527,23.3716,66.34,54,89,0.94,ZA,1674626329
149,muravlenko,63.7898,74.523,5.97,95,100,13.82,RU,1674626330
150,kahului,20.8947,-156.47,75.85,88,24,3.0,US,1674626331
151,balkanabat,39.5108,54.3671,35.26,32,0,1.63,TM,1674626332
152,saint andrews,34.0454,-81.1293,42.46,65,64,6.35,US,1674626332
153,kavieng,-2.5744,150.7967,83.35,68,86,5.57,PG,1674626333
154,bandipur,27.9333,84.4167,72.14,20,5,4.25,NP,1674626333
155,olonets,60.9847,32.9698,31.73,95,100,14.72,RU,1674626334
156,ordu,40.9086,37.6845,34.2,89,100,2.08,TR,1674626335
157,severo-kurilsk,50.6789,156.125,28.71,95,100,68.07,RU,1674626038
158,pakhtakoron,40.1571,68.7466,28.56,71,80,2.86,TJ,1674626336
159,fortuna,40.5982,-124.1573,44.98,99,0,0.0,US,1674626336
160,barmer,25.75,71.3833,65.14,14,0,7.76,IN,1674626337
161,marinette,45.1,-87.6307,27.09,97,80,1.92,US,1674626337
162,tiksi,71.6872,128.8694,-38.09,98,52,8.12,RU,1674626338
163,longyearbyen,78.2186,15.6401,22.84,68,75,14.97,SJ,1674626339
164,juneau,58.3019,-134.4197,43.21,97,100,16.11,US,1674626149
165,lazaro cardenas,17.9583,-102.2,70.3,74,0,4.03,MX,1674626340
166,iguape,-24.7081,-47.5553,72.7,93,6,2.46,BR,1674626340
167,kirakira,-10.4544,161.9205,82.8,76,97,8.08,SB,1674626341
168,northview,43.0456,-85.6006,31.71,85,100,3.0,US,1674626342
169,luderitz,-26.6481,15.1594,65.16,64,3,20.24,NA,1674626343
170,suratgarh,29.3167,73.9,64.29,26,0,5.97,IN,1674626344
171,ponta do sol,32.6667,-17.1,59.63,49,5,9.46,PT,1674626345
172,moron,-34.6534,-58.6198,80.35,59,32,9.31,AR,1674626345
173,ouesso,1.6136,16.0517,72.03,74,98,2.33,CG,1674626346
174,tuktoyaktuk,69.4541,-133.0374,-4.0,77,100,13.8,CA,1674626347
175,raudeberg,61.9875,5.1352,45.95,1,100,27.18,NO,1674626347
176,simdega,22.6167,84.5167,84.2,18,14,3.38,IN,1674626348
177,nara,34.6851,135.8049,36.97,51,97,12.48,JP,1674626064
178,batagay,67.6333,134.6333,-56.34,99,68,1.72,RU,1674626349
179,huarmey,-10.0681,-78.1522,69.57,85,97,5.08,PE,1674626351
180,atherton,53.5237,-2.4935,45.43,94,100,2.19,GB,1674626352
181,temir,49.1414,57.13,8.42,92,27,3.78,KZ,1674626353
182,coquimbo,-29.9533,-71.3436,62.33,100,0,2.3,CL,1674626354
183,sale,34.0389,-6.8166,44.74,100,40,0.0,MA,1674626075
184,marsabit,2.3284,37.9899,68.18,66,31,16.89,KE,1674626355
185,shiyan,32.6475,110.7781,36.41,23,99,4.25,CN,1674626356
186,aswan,24.0934,32.907,54.7,62,0,6.91,EG,1674626158
187,cabo san lucas,22.8909,-109.9124,58.6,58,67,4.72,MX,1674626079
188,port hedland,-20.3167,118.5667,98.65,41,70,13.8,AU,1674626358
189,maryville,35.7565,-83.9705,43.68,73,100,5.01,US,1674626359
190,airai,-8.9266,125.4092,68.38,82,100,2.26,TL,1674626360
191,belomorsk,64.5232,34.7668,33.08,97,100,18.52,RU,1674626361
192,dimona,31.0667,35.0333,54.16,62,0,1.83,IL,1674626362
193,yabrud,33.9674,36.6574,40.71,72,11,2.37,SY,1674626363
194,xining,36.6167,101.7667,31.21,12,93,5.08,CN,1674626363
195,williston,48.147,-103.618,16.54,98,96,0.69,US,1674626364
196,tahe,52.3333,124.7333,-6.79,74,45,2.77,CN,1674626365
197,chapais,49.7834,-74.8492,-13.22,100,37,2.89,CA,1674626365
198,matara,5.9485,80.5353,83.44,62,57,2.55,LK,1674626277
199,xichang,27.8964,102.2634,58.21,42,86,2.62,CN,1674626367
200,tura,25.5198,90.2201,79.59,29,7,3.8,IN,1674626368
201,avarua,-21.2078,-159.775,78.85,83,35,4.61,CK,1674626369
202,mardin,37.3131,40.7436,40.55,49,3,2.95,TR,1674626300
203,qaanaaq,77.484,-69.3632,5.4,64,93,9.8,GL,1674626370
204,ongandjera,-17.8833,15.0667,70.41,55,14,5.93,NA,1674626370
205,meulaboh,4.1363,96.1285,84.78,64,57,11.86,ID,1674626371
206,qeshm,26.9581,56.2719,62.49,40,45,23.78,IR,1674626372
207,sungaipenuh,-2.0833,101.3833,74.61,56,100,2.64,ID,1674626372
208,ferme-neuve,46.7001,-75.4493,-3.05,99,46,3.36,CA,1674626373
209,ormara,25.2088,64.6357,62.65,28,0,19.91,PK,1674626374
210,mujiayingzi,42.1167,118.7833,14.0,32,34,13.27,CN,1674626374
211,salalah,17.0151,54.0924,74.14,62,54,11.54,OM,1674626375
212,vanimo,-2.6741,141.3028,83.98,69,80,7.2,PG,1674626376
213,mocuba,-16.8392,36.9856,78.62,76,100,7.9,MZ,1674626376
214,ati,13.2154,18.3353,68.13,14,90,8.52,TD,1674626377
215,bengkulu,-3.8004,102.2655,82.78,66,98,6.89,ID,1674626377
216,torbay,47.6666,-52.7314,33.39,87,75,27.63,CA,1674626378
217,praya,14.9215,-23.5087,66.74,68,40,8.05,CV,1674626379
218,touros,-5.1989,-35.4608,77.14,75,3,7.43,BR,1674626379
219,westerland,54.9079,8.3033,35.62,87,100,10.36,DE,1674626381
220,chokurdakh,70.6333,147.9167,-28.82,97,100,2.15,RU,1674626381
221,puerto baquerizo moreno,-0.9,-89.6,74.32,87,25,6.44,EC,1674626382
222,talnakh,69.4865,88.3972,-7.8,98,100,13.85,RU,1674626383
223,bubaque,11.2833,-15.8333,73.94,80,96,11.3,GW,1674626383
224,nantucket,41.2835,-70.0995,38.14,78,20,18.14,US,1674626168
225,provideniya,64.3833,-173.3,-6.9,76,1,11.54,RU,1674626384
226,salta,-24.7859,-65.4117,70.57,81,40,5.75,AR,1674626385
227,sorland,67.667,12.6934,42.66,93,100,25.48,NO,1674626386
228,honiara,-9.4333,159.95,82.98,79,95,5.93,SB,1674626386
229,saint george,37.1041,-113.5841,37.44,51,9,1.99,US,1674626324
230,aksu,41.1231,80.2644,15.39,65,51,0.92,CN,1674626388
231,aklavik,68.2191,-135.0107,-3.48,92,100,11.72,CA,1674626389
232,belmonte,-15.8631,-38.8828,76.44,88,75,7.67,BR,1674626389
233,blackwater,-23.5833,148.8833,93.47,34,8,6.15,AU,1674626134
234,thongwa,16.7619,96.5278,86.16,28,67,5.86,MM,1674626390
235,buenavista,8.9769,125.4089,77.52,80,100,1.61,PH,1674626391
236,yerbogachen,61.2767,108.0108,-18.98,87,100,3.83,RU,1674626391
237,nova vicosa,-17.8919,-39.3719,77.04,89,100,12.44,BR,1674626392
238,erdenet,49.0333,104.0833,0.61,78,95,3.58,MN,1674626393
239,non sang,16.8687,102.5664,76.19,31,1,6.02,TH,1674626393
240,khatanga,71.9667,102.5,-22.61,86,100,4.21,RU,1674626394
241,vieksniai,56.2333,22.5167,34.72,93,100,13.02,LT,1674626395
242,erenhot,43.6475,111.9767,6.6,55,44,12.33,CN,1674626395
243,fortuna foothills,32.6578,-114.4119,45.7,39,0,4.32,US,1674626396
244,agadez,19.75,10.25,65.37,15,0,7.09,NE,1674626396
245,bagamoyo,-6.4333,38.9,78.78,78,96,13.78,TZ,1674626397
246,klaksvik,62.2266,-6.589,43.72,83,35,26.69,FO,1674626398
247,kousseri,12.0769,15.0306,66.16,19,85,6.91,CM,1674626398
248,brae,60.3964,-1.353,45.64,81,87,26.22,GB,1674626399
249,faanui,-16.4833,-151.75,81.68,75,100,15.9,PF,1674626400
250,villa del rosario,7.8339,-72.4742,70.18,94,20,2.3,CO,1674626400
251,rio gallegos,-51.6226,-69.2181,54.64,35,75,20.04,AR,1674626405
252,tazovskiy,67.4667,78.7,2.32,94,100,15.41,RU,1674626408
253,guadalajara,20.6667,-103.3333,52.25,46,0,2.46,MX,1674626289
254,oranjemund,-28.55,16.4333,62.44,70,0,16.67,NA,1674626424
255,la ronge,55.1001,-105.2842,12.34,97,99,0.56,CA,1674626425
256,taltal,-25.4,-70.4833,67.8,87,48,1.77,CL,1674626427
257,hambantota,6.1241,81.1185,84.54,70,20,5.75,LK,1674626429
258,naze,28.3667,129.4833,46.87,68,100,13.22,JP,1674626430
259,elmadag,39.9208,33.2308,31.35,87,42,3.87,TR,1674626433
260,mana,5.6592,-53.7767,73.0,80,11,7.47,GF,1674626434
261,vila velha,-20.3297,-40.2925,74.95,97,100,3.0,BR,1674626434
262,iqaluit,63.7506,-68.5145,-25.31,67,0,29.93,CA,1674626331
263,powell,40.1578,-83.0752,33.6,89,75,5.75,US,1674626395
264,narsaq,60.9167,-46.05,37.62,80,100,24.96,GL,1674626436
265,lata,40.1629,-8.3327,37.92,83,0,4.61,PT,1674626437
266,anadyr,64.75,177.4833,-10.7,70,0,8.95,RU,1674626438
267,hinton,53.4001,-117.5857,26.74,88,100,7.34,CA,1674626439
268,lidkoping,58.5052,13.1577,39.22,97,100,17.11,SE,1674626439
269,imbituba,-28.24,-48.6703,71.31,89,2,4.85,BR,1674626441
270,pacific grove,36.6177,-121.9166,50.65,84,18,5.84,US,1674626277
271,singaraja,-8.112,115.0882,84.15,70,91,1.83,ID,1674626442
272,dunedin,-45.8742,170.5036,63.81,80,38,1.99,NZ,1674626443
273,pisco,-13.7,-76.2167,68.02,86,86,1.41,PE,1674626443
274,port-cartier,50.0334,-66.8654,3.18,79,2,14.9,CA,1674626444
275,katsuura,35.1333,140.3,34.48,25,47,8.01,JP,1674626445
276,bangassou,4.7413,22.8184,73.04,28,91,2.48,CF,1674626446
277,chumikan,54.7183,135.315,-19.59,86,100,18.86,RU,1674626447
278,grand gaube,-20.0064,57.6608,74.37,88,100,3.0,MU,1674626448
279,ambovombe,-25.1667,46.0833,79.59,75,98,22.75,MG,1674626449
280,sao filipe,14.8961,-24.4956,69.28,70,97,7.58,CV,1674626449
281,moose factory,51.2585,-80.6094,-27.08,100,45,1.99,CA,1674626450
282,kruisfontein,-34.0033,24.7314,64.89,47,43,6.42,ZA,1674626451
283,okmulgee,35.6234,-95.9605,33.91,93,100,5.75,US,1674626452
284,ipil,7.75,122.5167,80.17,73,100,12.59,PH,1674626452
285,nizwa,22.9333,57.5333,61.38,60,1,3.69,OM,1674626453
286,vostok,46.4856,135.8833,-18.94,93,100,10.36,RU,1674626454
287,wilmington,34.2257,-77.9447,48.85,95,22,2.24,US,1674626198
288,schotten,50.5,9.1333,34.92,91,74,2.42,DE,1674626455
289,yuzhno-kurilsk,44.0306,145.8556,16.02,63,100,33.67,RU,1674626456
290,lagoa,39.05,-27.9833,58.98,85,15,16.53,PT,1674626456
291,aberdeen,57.1437,-2.0981,51.21,82,76,13.8,GB,1674626457
292,labytnangi,66.6572,66.4183,6.98,85,100,8.52,RU,1674626458
293,janauba,-15.8025,-43.3089,69.48,96,100,0.58,BR,1674626458
294,sukhothai,17.25,99.6667,84.81,37,0,1.57,TH,1674626460
295,centralia,46.7162,-122.9543,43.34,97,100,0.0,US,1674626426
296,kloulklubed,7.0419,134.2556,82.17,79,77,15.84,PW,1674626461
297,arlit,18.7369,7.3853,67.87,16,9,5.82,NE,1674626462
298,kuusamo,65.9667,29.1833,33.84,93,100,18.41,FI,1674626464
299,te anau,-45.4167,167.7167,69.91,36,46,6.42,NZ,1674626466
300,olafsvik,64.8945,-23.7142,32.56,63,78,12.84,IS,1674626468
301,belaya gora,68.5333,146.4167,-28.89,98,100,1.23,RU,1674626469
302,jinka,5.65,36.65,74.64,32,99,5.1,ET,1674626470
303,shingu,33.7333,135.9833,39.06,46,93,12.91,JP,1674626471
304,payo,-3.7508,103.6372,80.31,79,98,2.75,ID,1674626473
305,otradnyy,53.376,51.3452,-2.58,99,71,3.62,RU,1674626474
306,progreso,21.2833,-89.6667,75.11,81,1,13.04,MX,1674626475
307,saint-georges,12.0564,-61.7485,75.9,80,57,13.69,GD,1674626405
308,comodoro rivadavia,-45.8667,-67.5,58.86,38,0,19.57,AR,1674626478
309,flin flon,54.7682,-101.865,-3.35,99,84,4.09,CA,1674626443
310,hauterive,46.0901,3.4459,34.56,93,61,0.96,FR,1674626480
311,waren,53.5167,12.6833,30.02,81,6,4.85,DE,1674626481
312,nishihara,26.1842,127.7558,58.68,58,75,16.11,JP,1674626482
313,dabakala,8.3667,-4.4333,74.03,81,77,3.04,CI,1674626482
314,verkhovazhye,60.7472,42.0465,21.76,94,92,8.97,RU,1674626483
315,latung,5.5,120.8833,79.54,78,100,16.73,PH,1674626484
316,adelaide,-34.9333,138.6,84.92,43,20,17.27,AU,1674626403
317,bantry,51.6833,-9.45,47.79,96,100,4.09,IE,1674626486
318,monrovia,6.3005,-10.7969,73.51,88,100,7.45,LR,1674626410
319,chimore,-16.9833,-65.1333,73.18,99,100,1.03,BO,1674626487
320,paamiut,61.994,-49.6678,37.87,66,100,47.07,GL,1674626488
321,tomatlan,19.9333,-105.25,62.73,91,0,2.95,MX,1674626490
322,acapulco,16.8634,-99.8901,74.62,65,2,6.46,MX,1674626245
323,bongaree,-27.0797,153.1586,87.22,75,95,12.55,AU,1674626491
324,saint-pierre,-21.3393,55.4781,80.28,74,0,5.75,RE,1674626492
325,morrope,-6.5417,-80.0111,71.22,73,53,9.62,PE,1674626493
326,beyneu,45.3167,55.2,26.44,50,0,9.26,KZ,1674626411
327,myanaung,18.2833,95.3167,90.9,19,64,3.42,MM,1674626494
328,asau,46.4333,26.4,27.52,93,81,2.82,RO,1674626495
329,svetlaya,46.5389,138.3297,-0.56,54,67,15.5,RU,1674626495
330,carutapera,-1.195,-46.02,73.69,95,88,3.87,BR,1674626496
331,haines junction,60.7522,-137.5108,18.14,99,94,3.29,CA,1674626497
332,cayenne,4.9333,-52.3333,69.84,94,40,0.0,GF,1674626408
333,araouane,18.9048,-3.5265,65.8,18,2,9.42,ML,1674626498
334,deputatskiy,69.3,139.9,-36.92,98,82,0.98,RU,1674626498
335,vao,-22.6667,167.4833,80.24,81,7,10.2,NC,1674626499
336,san jose,37.3394,-121.895,53.2,63,0,5.75,US,1674626495
337,anito,12.4497,125.2886,80.33,73,55,15.37,PH,1674626500
338,taganak,6.0833,118.3,77.99,87,100,19.24,PH,1674626501
339,srednekolymsk,67.45,153.6833,-21.51,92,100,5.35,RU,1674626502
340,lorengau,-2.0226,147.2712,82.74,72,89,6.93,PG,1674626503
341,aurdal,60.9242,9.4159,42.12,80,99,11.99,NO,1674626503
342,nokaneng,-19.6667,22.2667,74.21,65,40,4.34,BW,1674626504
343,yayva,59.3303,57.2641,7.9,96,100,7.07,RU,1674626505
344,lavrentiya,65.5833,-171.0,-15.27,92,5,13.78,RU,1674626506
345,sturgis,41.7992,-85.4192,32.25,98,100,5.75,US,1674626506
346,muscat,23.6139,58.5922,68.99,42,5,10.47,OM,1674626507
347,karata,42.5949,46.3393,28.36,33,2,2.84,RU,1674626507
348,natal,-5.795,-35.2094,75.85,88,75,3.44,BR,1674626508
349,amboasary,-25.0333,46.3833,81.46,70,96,18.14,MG,1674626509
350,tual,-5.6667,132.75,82.89,71,98,1.86,ID,1674626509
351,souillac,-20.5167,57.5167,72.14,95,100,2.86,MU,1674626510
352,lhokseumawe,5.1801,97.1507,77.49,86,99,8.28,ID,1674626510
353,umm kaddadah,13.6017,26.6876,64.99,15,74,17.49,SD,1674626511
354,paita,-5.0892,-81.1144,71.04,78,57,9.84,PE,1674626512
355,tubuala,9.5167,-79.0333,79.14,86,76,12.88,PA,1674626513
356,jejuri,18.2833,74.1667,75.65,49,43,6.13,IN,1674626513
357,vestmannaeyjar,63.4427,-20.2734,37.11,74,68,35.75,IS,1674626514
358,lafiagi,8.8667,5.4167,74.82,20,19,0.56,NG,1674626515
359,nizhniy kuranakh,58.8353,125.4869,-18.29,90,100,0.4,RU,1674626516
360,sibenik,43.7272,15.9058,42.46,67,7,1.99,HR,1674626516
361,golpayegan,33.4537,50.2884,28.02,71,68,3.83,IR,1674626517
362,tsabong,-26.0217,22.401,80.13,30,22,11.5,BW,1674626518
363,bilma,18.6853,12.9164,65.95,14,2,7.31,NE,1674626518
364,novikovo,51.1537,37.8879,21.24,81,11,3.31,RU,1674626519
365,imeni poliny osipenko,52.4201,136.4853,-8.0,97,100,12.46,RU,1674626519
366,verkhnetulomskiy,68.6073,31.7962,24.93,96,100,3.44,RU,1674626521
367,taonan,45.3333,122.7833,10.58,22,70,8.95,CN,1674626522
368,abaza,52.655,90.0928,17.15,80,100,12.12,RU,1674626523
369,alangudi,10.3606,78.9849,83.14,49,3,10.65,IN,1674626524
370,buala,-8.145,159.5921,81.95,79,91,7.23,SB,1674626525
371,eirunepe,-6.6603,-69.8736,71.11,99,77,2.39,BR,1674626431
372,bara,10.3744,10.7288,68.14,18,89,5.84,NG,1674626526
373,ovsyanka,55.9575,92.5519,16.77,87,100,9.4,RU,1674626529
374,bandiagara,14.3501,-3.6104,73.35,19,16,7.02,ML,1674626530
375,kachiry,53.0675,76.1036,16.48,93,100,13.98,KZ,1674626530
376,safaga,26.7292,33.9365,64.08,59,0,16.15,EG,1674626531
377,gonzalez,30.5816,-87.2914,69.35,95,100,5.99,US,1674626532
378,zaysan,47.4667,84.8667,4.39,95,100,2.91,KZ,1674626533
379,ruidoso,33.3317,-105.673,29.57,90,83,11.5,US,1674626535
380,tete,-16.1564,33.5867,77.09,94,75,3.44,MZ,1674626454
381,faya,18.3851,42.4509,54.97,58,2,6.38,SA,1674626537
382,turbat,26.0023,63.044,58.59,17,0,23.38,PK,1674626539
383,pangnirtung,66.1451,-65.7125,-3.26,99,100,4.61,CA,1674626540
384,nikolskoye,59.7035,30.7861,31.91,93,100,10.13,RU,1674626541
385,neiafu,-18.65,-173.9833,83.16,67,5,9.24,TO,1674626542
386,tahta,26.7693,31.5021,54.46,78,0,8.93,EG,1674626543
387,bima,-8.4667,118.7167,85.42,70,88,0.69,ID,1674626544
388,los llanos de aridane,28.6585,-17.9182,58.75,71,100,11.01,ES,1674626545
389,puerto palomas,31.7667,-107.6167,40.12,51,0,20.42,MX,1674626546
390,semey,50.4111,80.2275,16.02,79,100,17.9,KZ,1674626305
391,north myrtle beach,33.816,-78.68,47.1,90,35,1.01,US,1674626389
392,mareeba,-17.0,145.4333,91.44,60,31,8.12,AU,1674626549
393,saskylakh,71.9167,114.0833,-14.82,99,100,4.92,RU,1674626550
394,eyl,7.9803,49.8164,78.78,55,34,21.47,SO,1674626552
395,kaeo,-35.1,173.7833,67.93,69,25,12.33,NZ,1674626553
396,severnyy,50.677,36.5532,19.44,86,75,2.24,RU,1674626553
397,praia,14.9215,-23.5087,68.36,74,97,5.3,CV,1674626554
398,conde,-7.2597,-34.9075,75.13,77,5,6.55,BR,1674626555
399,vila franca do campo,37.7167,-25.4333,55.81,82,80,14.45,PT,1674626555
400,aplahoue,6.9333,1.6833,74.44,90,6,3.91,BJ,1674626556
401,saldanha,-33.0117,17.9442,63.59,61,0,19.35,ZA,1674626557
402,tecoanapa,16.5167,-98.75,73.45,75,2,4.61,MX,1674626557
403,carbonia,39.1672,8.5222,39.85,91,100,2.71,IT,1674626558
404,kokopo,-4.352,152.2633,81.19,72,100,4.0,PG,1674626559
405,senador guiomard,-10.1522,-67.7392,70.25,99,25,3.24,BR,1674626559
406,kirillov,59.863,38.3813,25.77,95,98,8.75,RU,1674626560
407,ponta delgada,37.7333,-25.6667,56.12,88,75,9.22,PT,1674626432
408,livingston,55.9029,-3.5226,49.12,87,75,12.66,GB,1674626561
409,porto novo,6.4965,2.6036,76.17,93,50,3.24,BJ,1674626562
410,grindavik,63.8424,-22.4338,32.47,80,40,29.93,IS,1674626562
411,dalvik,65.9702,-18.5286,30.27,96,99,8.57,IS,1674626563
412,oloron-sainte-marie,43.1944,-0.6107,31.57,92,12,1.99,FR,1674626564
413,mikhaylovsk,45.1283,42.0256,26.82,93,75,17.9,RU,1674626564
414,areosa,41.7178,-8.8571,41.63,79,0,5.23,PT,1674626565
415,adrar,20.5022,-10.0711,61.56,20,8,8.34,MR,1674626566
416,laurel,39.0993,-76.8483,37.8,80,0,0.0,US,1674626404
417,bonthe,7.5264,-12.505,74.35,92,97,4.56,SL,1674626567
418,saint paul,44.9444,-93.0933,30.78,89,100,4.61,US,1674626510
419,hope,33.6671,-93.5916,42.85,98,100,13.06,US,1674626277
420,sitka,57.0531,-135.33,48.09,87,100,6.91,US,1674626569
421,ancud,-41.8697,-73.8203,51.91,85,50,2.93,CL,1674626569
422,jacksonville beach,30.2947,-81.3931,63.09,88,100,5.01,US,1674626510
423,minas,-34.3759,-55.2377,64.22,53,79,8.37,UY,1674626571
424,tumut,-35.3,148.2167,87.55,21,0,10.45,AU,1674626572
425,kiama,-34.6833,150.8667,82.38,71,6,8.01,AU,1674626572
426,loreto,22.2667,-101.9667,48.94,39,0,6.89,MX,1674626573
427,murgab,37.4966,61.9714,29.32,42,10,4.12,TM,1674626574
428,muzhi,65.3667,64.6667,6.87,92,100,5.08,RU,1674626574
429,bentiu,9.2333,29.8333,81.61,28,15,8.86,SS,1674626575
430,giovinazzo,41.1864,16.6674,45.82,91,40,5.75,IT,1674626576
431,raga,8.4596,25.678,72.86,30,85,5.28,SS,1674626576
432,saiki,32.95,131.9,39.25,43,68,14.5,JP,1674626577
433,faro,37.0194,-7.9322,44.38,53,0,8.05,PT,1674626578
434,ossora,59.2353,163.0719,19.06,95,90,5.08,RU,1674626578
435,valdivia,-39.8142,-73.2459,41.09,91,1,1.66,CL,1674626579
436,aktau,43.65,51.2,21.78,39,6,6.8,KZ,1674626580
437,san policarpo,12.1791,125.5072,81.09,70,51,16.89,PH,1674626581
438,ouegoa,-20.35,164.4333,83.93,74,38,5.3,NC,1674626582
439,takab,36.4009,47.1133,17.67,71,3,3.56,IR,1674626583
440,longview,32.5007,-94.7405,41.25,91,100,17.27,US,1674626584
441,yuzhnyy,53.2542,83.6936,14.38,85,75,15.66,RU,1674626585
442,sirumugai,11.3333,77.0167,76.57,57,80,4.76,IN,1674626586
443,sawakin,19.1059,37.3321,74.44,81,64,7.38,SD,1674626588
444,olinda,-8.0089,-34.8553,77.7,71,8,6.46,BR,1674626452
445,jalingo,8.8833,11.3667,74.07,22,76,3.38,NG,1674626589
446,mount gambier,-37.8333,140.7667,70.07,45,41,11.36,AU,1674626590
447,najran,17.4924,44.1277,63.9,39,0,2.08,SA,1674626591
448,beaverlodge,55.2166,-119.4361,31.6,83,100,8.57,CA,1674626592
449,esperance,-33.8667,121.9,70.27,68,10,16.71,AU,1674626592
450,luxor,25.6989,32.6421,59.59,46,0,4.23,EG,1674626593
451,rafaela,-31.2503,-61.4867,71.98,58,49,1.01,AR,1674626594
452,kingisepp,59.3733,28.6134,32.18,95,100,9.78,RU,1674626595
453,avera,33.194,-82.5271,44.11,87,94,8.46,US,1674626596
454,tavda,58.0425,65.2726,16.32,85,74,12.73,RU,1674626597
455,tadine,-21.55,167.8833,83.37,74,19,6.38,NC,1674626599
456,daru,-9.0763,143.2092,84.79,70,97,9.44,PG,1674626600
457,buraydah,26.326,43.975,56.64,79,26,10.74,SA,1674626601
458,watsa,3.0372,29.5355,72.03,48,87,2.13,CD,1674626354
459,tinskoy,56.1525,96.9161,16.11,84,94,7.2,RU,1674626602
460,maragogi,-9.0122,-35.2225,75.6,79,16,4.88,BR,1674626483
461,gigmoto,13.7796,124.39,75.27,87,81,21.88,PH,1674626603
462,alta floresta,-9.8756,-56.0861,68.81,98,95,1.48,BR,1674626397
463,ternate,0.8,127.4,82.33,77,70,5.91,ID,1674626605
464,dobroye,52.8678,39.8109,16.93,92,84,3.89,RU,1674626606
465,bud,39.447,-86.1758,37.98,88,100,6.87,US,1674626607
466,acajutla,13.5928,-89.8275,75.81,76,19,5.88,SV,1674626608
467,havelock,34.8791,-76.9013,45.93,72,1,2.66,US,1674626359
468,krabi,8.0726,98.9105,82.33,73,81,11.1,TH,1674626609
469,kovylkino,54.0388,43.9139,17.92,90,94,6.82,RU,1674626610
470,urusha,54.05,122.9,-11.67,81,81,1.63,RU,1674626611
471,nakhon phanom,17.3333,104.4167,76.41,29,4,5.46,TH,1674626612
472,baykit,61.67,96.37,-21.08,100,76,1.77,RU,1674626612
473,taft,31.7471,54.2088,31.87,47,0,1.74,IR,1674626613
474,krasnovishersk,60.4078,57.082,11.43,95,100,7.07,RU,1674626613
475,stromness,58.965,-3.296,47.88,83,100,18.01,GB,1674626614
476,tyumen,57.1522,65.5272,14.34,78,0,11.18,RU,1674626356
477,barra do corda,-5.5,-45.25,72.07,96,44,1.61,BR,1674626616
478,hafizabad,32.0679,73.6854,60.42,66,88,1.7,PK,1674626617
479,gilgit,35.9221,74.3087,35.49,74,82,1.41,PK,1674626617
480,aden,12.7794,45.0367,76.77,67,37,18.63,YE,1674626343
481,pimampiro,0.4,-77.9667,55.45,85,75,5.26,EC,1674626619
482,pangai,-19.8,-174.35,83.1,70,2,6.78,TO,1674626620
483,poli,-3.3333,36.8,67.48,58,100,2.06,TZ,1674626620
484,pacifica,37.6138,-122.4869,55.8,69,20,8.05,US,1674626621
485,khorixas,-20.3667,14.9667,67.51,52,31,5.17,NA,1674626622
486,ondjiva,-17.0667,15.7333,68.18,82,21,7.07,AO,1674626622
487,armeria,18.9333,-103.9667,67.1,75,0,4.21,MX,1674626623
488,port-gentil,-0.7193,8.7815,78.76,94,20,3.44,GA,1674626487
489,marawi,7.9986,124.2928,72.12,80,100,6.38,PH,1674626624
490,youghal,51.95,-7.8506,47.55,100,100,4.65,IE,1674626625
491,kulhudhuffushi,6.6221,73.07,79.5,79,98,12.01,MV,1674626625
492,saint-louis,16.3333,-15.0,72.14,25,41,8.1,SN,1674626626
493,pitsunda,43.1592,40.3378,35.78,51,0,5.46,GE,1674626627
494,adre,13.4667,22.2,64.26,16,85,13.18,TD,1674626627
495,urubicha,-15.3833,-62.95,70.97,97,98,3.11,BO,1674626628
496,qrendi,35.8347,14.4583,47.86,87,20,5.75,MT,1674626629
497,alcoentre,39.2086,-8.9595,41.34,89,0,3.29,PT,1674626630
498,metro,-5.1131,105.3067,78.12,83,100,4.79,ID,1674626631
499,shubarshi,48.5872,57.1869,11.17,89,14,4.18,KZ,1674626632
500,hitoyoshi,32.2167,130.75,33.64,36,1,6.62,JP,1674626632
501,joshimath,30.5667,79.5667,49.78,81,99,10.49,IN,1674626633
502,tabuk,17.4189,121.4443,65.5,87,100,9.19,PH,1674626634
503,craig,40.5153,-107.5464,13.39,85,100,0.0,US,1674626442
504,maneadero,31.7167,-116.5667,55.2,38,3,5.91,MX,1674626635
505,ketchikan,55.3422,-131.6461,45.07,100,100,12.66,US,1674626636
506,barcs,45.96,17.4586,33.98,96,100,4.25,HU,1674626637
507,san angelo,31.4638,-100.437,35.82,84,0,9.22,US,1674626637
508,melbu,68.5044,14.8297,33.58,100,75,1.14,NO,1674626639
509,gostilitsy,59.7483,29.622,30.81,96,100,11.9,RU,1674626639
510,pemangkat,1.1667,108.9667,80.04,85,100,9.8,ID,1674626640
511,bozeman,45.6796,-111.0386,27.82,89,100,0.0,US,1674626641
512,karaton,-6.3424,106.1045,78.17,84,98,7.92,ID,1674626641
513,portel,-1.9356,-50.8211,71.62,97,81,3.29,BR,1674626643
514,ewo,-0.8725,14.8206,75.29,77,100,2.57,CG,1674626644
515,camacha,33.0833,-16.3333,56.62,51,40,13.8,PT,1674626644
516,iskilip,40.7353,34.4739,34.38,90,20,4.83,TR,1674626645
517,ambilobe,-13.2,49.05,79.07,86,71,3.44,MG,1674626646
518,tando adam,25.7637,68.661,64.35,14,0,9.04,PK,1674626646
519,hualmay,-11.0964,-77.6139,69.46,86,98,6.11,PE,1674626647
520,zhanaozen,43.3,52.8,27.28,40,7,5.99,KZ,1674626648
521,kayerkan,69.3497,87.7602,-8.48,76,100,11.77,RU,1674626649
522,palmer,42.1584,-72.3287,33.42,80,100,6.91,US,1674626649
523,namatanai,-3.6667,152.4333,82.89,71,98,5.7,PG,1674626650
524,ixtapa,20.7,-105.2,62.67,92,13,2.8,MX,1674626651
525,zonguldak,41.25,31.8333,36.45,86,100,2.17,TR,1674626651
526,viedma,-40.8135,-62.9967,63.07,37,2,14.14,AR,1674626442
527,vanavara,60.34,102.2797,-24.3,93,99,3.51,RU,1674626652
528,ekhabi,53.5102,142.9671,13.46,86,100,28.88,RU,1674626653
529,verkhnevilyuysk,63.4453,120.3167,-41.71,98,90,1.95,RU,1674626654
530,evensk,61.95,159.2333,9.9,74,100,29.39,RU,1674626655
531,constanta,44.1833,28.65,32.7,86,100,12.19,RO,1674626646
532,cururupu,-1.8283,-44.8683,72.48,97,56,2.26,BR,1674626656
533,rawson,-43.3002,-65.1023,63.03,34,0,10.2,AR,1674626469
534,liusha,27.2098,108.59,44.02,30,2,3.69,CN,1674626657
535,alausi,-2.2,-78.8333,45.95,93,82,5.88,EC,1674626658
536,kothen,51.75,11.9667,34.09,80,99,4.72,DE,1674626658
537,broome,42.2506,-75.833,28.78,80,100,4.61,US,1674626659
538,banda aceh,5.5577,95.3222,84.49,66,92,9.04,ID,1674626660
539,kampot,10.6167,104.1833,82.45,51,80,17.25,KH,1674626660
540,vrangel,42.7297,133.0839,9.75,54,9,18.92,RU,1674626661
541,yulara,-25.2406,130.9889,100.99,13,76,5.57,AU,1674626662
542,itoman,26.1247,127.6694,59.02,58,75,16.11,JP,1674626662
543,kushmurun,52.4503,64.6311,6.89,93,33,12.57,KZ,1674626663
544,inhambane,-23.865,35.3833,82.38,89,75,9.22,MZ,1674626664
545,scarborough,54.2797,-0.4044,47.66,92,100,1.99,GB,1674626413
546,koson,39.0375,65.585,21.52,68,25,4.65,UZ,1674626665
547,londoko,49.0333,131.9833,-9.42,76,18,11.07,RU,1674626666
548,sambava,-14.2667,50.1667,81.81,66,87,4.25,MG,1674626667
549,sirari,-1.2333,34.4333,70.95,52,96,1.66,TZ,1674626667
550,kalmunai,7.4167,81.8167,80.98,67,94,11.03,LK,1674626668
551,pontianak,-0.0333,109.3333,82.38,78,75,5.75,ID,1674626669
552,ostrovnoy,68.0531,39.5131,24.75,88,100,28.74,RU,1674626669
553,siena,43.2167,11.4,41.18,84,67,1.99,IT,1674626500
554,mayumba,-3.432,10.6554,77.9,84,99,4.29,GA,1674626670
555,oistins,13.0667,-59.5333,75.29,88,40,20.71,BB,1674626671
556,bilibino,68.0546,166.4372,-15.95,71,98,4.85,RU,1674626672
557,dubrovnik,42.6481,18.0922,46.04,57,0,18.41,HR,1674626673
